{
    "0": {
        "f1": 0.3487903225806452,
        "p": 0.4357682619647355,
        "r": 0.2907563025210084
    },
    "avg": {
        "f1": 0.43676551152056503,
        "p": 0.4766989164823917,
        "r": 0.406805651169538
    },
    "1": {
        "f1": 0.4306498545101843,
        "p": 0.45962732919254656,
        "r": 0.4051094890510949
    },
    "2": {
        "f1": 0.4453781512605042,
        "p": 0.513317191283293,
        "r": 0.39332096474953615
    },
    "3": {
        "f1": 0.47156153050672184,
        "p": 0.49137931034482757,
        "r": 0.4532803180914513
    },
    "4": {
        "f1": 0.4874476987447699,
        "p": 0.483402489626556,
        "r": 0.49156118143459915
    }
}